sym,n_qual,first_q,last_q,years_to_touch,hold
hk00007,33,2005-01-03,2005-08-23,1.83,False
hk00009,479,2008-08-05,2012-05-23,4.61,False
hk00027,604,2008-07-03,2010-12-21,4.98,False
hk00030,127,2008-09-18,2009-04-29,0.8,False
hk00033,1189,2016-01-27,2020-12-31,5.04,True
hk00036,514,2005-01-04,2015-02-13,3.06,False
hk00037,195,2020-03-19,2020-12-31,3.34,False
hk00038,20,2008-09-12,2008-11-07,2.61,False
hk00048,651,2017-08-18,2020-09-29,3.53,False
hk00055,415,2008-10-27,2016-04-01,0.65,False
hk00058,176,2018-01-17,2020-11-20,3.51,False
hk00059,356,2005-01-03,2016-06-13,0.59,True
hk00061,1559,2005-01-03,2020-08-06,4.5,False
hk00063,719,2011-06-22,2014-07-22,4.06,False
hk00064,88,2020-08-25,2020-12-31,5.04,
hk00067,149,2016-07-29,2020-02-14,0.61,
hk00070,637,2005-01-03,2016-05-20,2.43,False
hk00072,109,2020-06-03,2020-12-29,2.78,False
hk00073,83,2020-09-01,2020-12-31,3.51,
hk00074,15,2008-10-24,2008-11-27,1.47,False
hk00076,1307,2006-09-05,2020-12-31,4.74,False
hk00078,89,2008-06-12,2008-10-22,5.02,False
hk00079,89,2006-06-13,2006-11-08,0.69,False
hk00081,1,2008-10-28,2008-10-28,2.84,False
hk00082,310,2005-09-26,2009-04-30,1.73,False
hk00085,89,2005-01-03,2005-05-17,2.48,False
hk00091,373,2008-10-28,2018-07-25,2.04,False
hk00092,599,2012-10-26,2017-10-25,5.04,False
hk00094,126,2006-09-13,2008-10-27,0.86,False
hk00095,902,2009-09-03,2013-05-30,4.94,False
hk00102,373,2008-12-02,2012-11-02,4.93,False
hk00103,39,2020-11-06,2020-12-31,5.05,
hk00104,75,2008-10-27,2013-01-07,2.07,False
hk00106,524,2005-01-03,2007-02-12,2.15,False
hk00108,598,2005-01-03,2007-06-06,2.58,False
hk00109,1566,2005-01-10,2015-01-06,2.54,False
hk00110,189,2020-03-16,2020-12-31,0.83,False
hk00115,415,2019-05-02,2020-12-31,5.04,
hk00116,24,2006-08-02,2008-11-27,5.06,False
hk00117,1,2006-01-03,2006-01-03,0.0,False
hk00119,53,2005-07-13,2005-12-22,4.45,False
hk00120,797,2005-11-25,2015-09-30,4.44,False
hk00123,29,2016-06-16,2020-03-23,5.04,False
hk00124,1,2008-10-28,2008-10-28,4.35,False
hk00126,298,2005-01-05,2006-06-26,2.41,False
hk00128,54,2008-10-10,2009-02-06,1.45,False
hk00129,492,2006-09-27,2009-09-08,4.35,False
hk00132,59,2011-08-09,2012-04-02,3.89,False
hk00133,256,2005-01-03,2006-01-17,2.75,False
hk00135,39,2005-01-13,2005-06-13,5.03,True
hk00136,1396,2008-07-21,2020-12-31,0.94,False
hk00139,1111,2005-01-03,2020-12-31,1.68,False
hk00141,292,2011-05-23,2012-08-03,5.02,False
hk00143,520,2009-03-26,2014-03-10,5.07,True
hk00145,681,2008-11-28,2020-08-25,0.99,False
hk00147,634,2005-01-03,2012-08-03,2.83,False
hk00149,824,2009-02-18,2015-12-21,5.07,False
hk00151,1,2006-01-03,2006-01-03,0.0,True
hk00152,1236,2009-02-13,2014-02-12,5.07,True
hk00155,27,2013-04-08,2013-05-15,0.27,False
hk00156,1,2020-12-28,2020-12-28,2.79,
hk00159,327,2005-02-25,2007-04-18,4.71,False
hk00162,121,2008-10-10,2010-02-03,4.53,False
hk00164,572,2005-01-03,2020-12-31,0.25,True
hk00165,237,2005-01-07,2006-01-17,2.84,False
hk00166,370,2006-01-20,2011-11-18,1.41,False
hk00167,252,2011-10-10,2020-12-31,3.54,False
hk00169,1034,2008-05-29,2013-04-09,5.06,False
hk00172,295,2005-01-05,2006-08-11,2.47,False
hk00175,344,2005-01-03,2016-03-16,4.93,False
hk00179,38,2009-07-15,2009-12-31,5.06,True
hk00183,3,2009-04-06,2020-06-02,0.0,False
hk00185,1085,2016-08-09,2020-12-31,5.05,False
hk00186,2,2016-08-01,2016-08-04,1.25,False
hk00188,30,2020-09-28,2020-11-25,0.4,False
hk00189,458,2008-02-29,2017-05-31,2.66,True
hk00190,1215,2011-10-25,2016-10-06,4.98,True
hk00191,1106,2008-10-28,2017-02-16,4.34,False
hk00193,1346,2005-01-03,2019-03-12,0.75,False
hk00195,382,2017-07-11,2020-12-03,5.03,
hk00197,75,2015-08-26,2020-12-30,1.74,False
hk00198,688,2012-06-19,2015-04-13,4.91,True
hk00199,279,2008-01-22,2009-03-13,5.05,True
hk00200,205,2008-10-02,2010-09-02,5.01,False
hk00201,3,2008-10-24,2008-10-28,4.38,False
hk00202,1186,2005-06-14,2010-04-09,4.94,False
hk00204,1540,2005-01-03,2020-12-07,2.25,True
hk00205,856,2017-06-27,2020-12-31,4.02,False
hk00207,774,2005-03-17,2010-09-08,2.61,False
hk00209,1220,2008-09-26,2020-12-31,1.43,False
hk00210,5,2009-01-23,2009-02-04,3.26,False
hk00211,939,2009-01-19,2020-09-25,3.91,True
hk00217,280,2005-01-05,2006-05-23,2.43,False
hk00218,505,2005-01-03,2007-03-05,2.67,False
hk00221,295,2007-01-02,2017-02-20,0.65,False
hk00223,9,2020-05-28,2020-07-22,3.61,
hk00228,123,2005-01-03,2020-12-31,0.35,False
hk00230,65,2005-10-12,2006-10-12,1.8,False
hk00232,5,2005-05-13,2005-12-13,2.03,False
hk00235,57,2009-02-02,2020-06-29,0.8,False
hk00241,1208,2008-09-30,2017-05-08,1.45,False
hk00243,296,2018-10-15,2020-05-04,2.71,False
hk00245,1458,2005-01-05,2020-12-31,2.29,False
hk00250,381,2011-08-09,2013-08-23,3.82,False
hk00254,2079,2005-01-03,2020-12-31,2.71,True
hk00257,139,2005-05-24,2011-10-04,4.71,False
hk00259,6,2008-11-13,2008-11-20,2.23,False
hk00260,180,2005-01-04,2005-10-06,1.36,False
hk00261,850,2017-07-21,2020-12-31,5.05,True
hk00262,121,2005-01-03,2005-08-31,1.28,False
hk00263,1776,2005-01-03,2019-03-28,2.14,False
hk00265,365,2005-12-09,2020-12-31,1.63,False
hk00268,435,2016-01-07,2017-12-06,5.03,False
hk00269,147,2008-09-17,2015-11-04,2.43,False
hk00273,1661,2005-01-03,2013-04-23,4.8,False
hk00274,891,2016-09-28,2020-12-31,5.05,False
hk00275,318,2008-03-26,2019-04-23,0.75,False
hk00276,1191,2005-01-03,2020-03-03,2.26,True
hk00279,1539,2005-01-03,2020-12-31,0.6,False
hk00280,1,2008-10-29,2008-10-29,2.07,False
hk00282,50,2020-05-25,2020-08-07,0.22,
hk00283,114,2011-08-25,2012-03-27,3.46,
hk00284,7,2011-10-13,2012-06-06,0.25,
hk00285,345,2012-06-22,2017-01-20,5.03,False
hk00286,532,2005-01-07,2020-03-30,2.25,False
hk00290,371,2018-11-30,2020-10-19,1.92,False
hk00292,452,2006-09-25,2009-09-08,4.89,True
hk00295,1795,2005-01-03,2014-02-07,5.0,False
hk00296,125,2008-10-24,2009-05-05,5.03,False
hk00297,123,2005-01-03,2005-07-05,2.17,False
hk00299,266,2016-01-27,2017-12-20,3.65,False
hk00305,713,2005-01-03,2020-09-02,1.93,True
hk00307,1065,2006-05-29,2011-05-12,4.82,False
hk00309,414,2005-01-03,2006-09-12,2.39,False
hk00310,807,2005-01-03,2020-12-31,3.44,False
hk00311,12,2009-03-16,2009-03-31,4.2,False
hk00312,1,2006-01-03,2006-01-03,0.0,False
hk00313,389,2005-01-03,2020-12-31,4.61,False
hk00317,371,2005-01-03,2006-07-05,2.09,False
hk00318,1210,2011-02-11,2016-02-05,5.04,False
hk00322,101,2005-01-03,2005-06-22,4.84,True
hk00326,442,2008-03-17,2015-11-06,1.23,False
hk00327,154,2012-01-11,2012-10-31,3.4,False
hk00328,421,2019-04-23,2020-12-31,5.05,
hk00329,1243,2005-01-20,2020-07-20,2.07,False
hk00332,551,2008-10-13,2011-09-02,4.56,False
hk00334,1164,2010-05-26,2015-03-11,4.85,False
hk00336,107,2005-03-30,2006-03-10,5.04,False
hk00337,86,2008-10-15,2009-03-20,4.67,False
hk00339,501,2005-01-03,2007-04-02,1.09,False
hk00340,972,2005-01-18,2020-12-31,2.1,False
hk00342,342,2008-04-15,2009-09-21,5.06,False
hk00343,379,2006-07-24,2020-12-18,5.06,True
hk00344,128,2008-11-04,2009-05-13,0.53,
hk00346,831,2005-01-03,2020-12-31,2.36,False
hk00347,7,2005-07-06,2005-07-14,2.32,False
hk00348,851,2005-07-28,2020-09-24,2.02,False
hk00350,70,2008-09-30,2009-01-29,2.38,False
hk00351,168,2016-06-24,2019-06-03,4.78,False
hk00353,1195,2005-01-03,2020-12-31,0.59,False
hk00354,1,2006-01-03,2006-01-03,0.0,True
hk00355,40,2008-08-19,2008-10-22,2.15,False
hk00357,180,2019-05-17,2020-02-19,1.25,False
hk00361,22,2019-12-27,2020-10-29,1.39,False
hk00362,38,2011-05-30,2017-02-08,4.01,False
hk00364,228,2017-01-23,2018-01-29,1.17,False
hk00365,737,2011-10-04,2015-09-17,5.04,False
hk00366,372,2005-01-03,2006-07-06,2.41,False
hk00370,234,2008-10-15,2020-09-01,1.08,False
hk00371,340,2005-08-04,2007-03-22,2.85,False
hk00372,132,2008-09-18,2009-04-02,0.57,False
hk00376,1417,2005-07-20,2014-06-12,1.88,False
hk00377,2357,2005-11-18,2018-03-02,5.06,False
hk00378,497,2011-07-05,2014-08-04,4.06,False
hk00379,758,2005-01-03,2020-03-25,2.53,False
hk00380,1502,2005-01-03,2015-01-16,2.41,False
hk00381,1202,2005-02-01,2020-12-31,2.51,False
hk00383,535,2010-06-29,2020-12-07,4.98,False
hk00384,112,2008-10-13,2009-04-08,4.83,True
hk00385,102,2005-01-03,2005-06-03,0.42,False
hk00388,205,2005-01-03,2005-11-16,2.76,False
hk00389,244,2019-05-30,2020-12-31,4.43,
hk00391,703,2010-08-27,2014-05-15,4.8,False
hk00395,708,2005-01-03,2018-08-29,3.52,False
hk00397,483,2005-01-03,2016-04-05,4.41,False
hk00399,1326,2005-01-03,2013-01-18,3.52,False
hk00402,298,2011-02-25,2012-11-19,3.9,False
hk00412,2124,2005-01-03,2020-12-31,4.12,False
hk00413,56,2005-01-03,2005-10-28,2.6,False
hk00417,883,2005-10-26,2009-06-12,5.05,False
hk00419,940,2008-09-17,2012-10-18,4.29,True
hk00421,558,2005-01-03,2007-04-03,4.38,
hk00428,301,2005-01-03,2006-04-25,1.98,True
hk00431,1086,2010-02-17,2014-08-25,5.05,False
hk00433,451,2007-11-27,2020-12-22,1.6,False
hk00434,133,2020-05-20,2020-12-31,4.6,
hk00438,1174,2016-03-30,2020-12-31,5.05,False
hk00439,1703,2005-01-03,2014-06-13,2.6,False
hk00444,76,2008-10-27,2009-05-04,3.66,False
hk00445,22,2012-09-06,2012-10-26,2.67,False
hk00451,288,2006-07-25,2020-11-20,4.74,True
hk00456,555,2017-09-19,2020-12-31,5.02,False
hk00459,180,2014-12-19,2016-08-05,2.54,False
hk00460,1,2006-01-03,2006-01-03,0.0,True
hk00462,29,2009-03-02,2009-04-09,1.53,False
hk00467,332,2005-01-03,2006-06-01,2.05,False
hk00471,801,2008-09-16,2019-11-11,4.64,False
hk00472,377,2005-03-02,2006-10-31,2.66,False
hk00474,260,2012-04-23,2014-07-29,2.3,False
hk00475,1,2009-03-05,2009-03-05,5.05,False
hk00476,745,2005-01-03,2020-12-31,2.55,False
hk00479,1235,2006-01-19,2011-01-18,5.06,False
hk00481,20,2015-02-06,2015-03-19,0.26,
hk00482,62,2020-08-24,2020-12-31,0.81,False
hk00485,450,2018-11-20,2020-09-16,3.81,False
hk00488,1251,2008-10-21,2017-08-14,4.36,False
hk00489,20,2005-12-07,2008-11-28,4.9,False
hk00491,1583,2005-06-21,2014-05-07,1.84,False
hk00496,3,2015-07-08,2015-08-26,4.15,False
hk00498,277,2019-08-30,2020-10-29,3.38,False
hk00499,1078,2005-01-03,2009-05-21,4.41,True
hk00500,399,2011-08-10,2013-04-22,3.86,False
hk00504,2,2008-10-20,2008-10-22,1.23,
hk00508,113,2009-03-13,2020-11-25,1.02,False
hk00509,17,2020-10-28,2020-11-20,4.09,
hk00510,1055,2009-03-26,2020-09-04,1.77,False
hk00512,455,2005-07-21,2013-10-07,4.68,False
hk00513,87,2020-03-17,2020-09-01,1.22,False
hk00515,197,2008-10-28,2020-12-31,2.26,False
hk00516,62,2005-01-05,2005-04-18,2.41,False
hk00517,164,2005-05-03,2006-01-06,2.52,False
hk00524,7,2005-03-15,2005-04-26,2.05,False
hk00526,303,2005-04-01,2006-12-19,2.66,False
hk00527,37,2008-10-28,2009-03-13,4.82,False
hk00530,1788,2005-01-03,2014-09-12,2.27,True
hk00535,154,2008-10-02,2009-10-29,4.73,False
hk00539,24,2019-05-16,2019-06-21,0.11,False
hk00542,777,2006-04-10,2011-04-07,5.07,False
hk00544,579,2008-01-16,2020-12-31,2.49,False
hk00546,372,2007-08-17,2009-03-13,3.26,False
hk00547,1848,2005-01-03,2020-12-31,0.96,False
hk00549,5,2008-10-24,2008-11-10,1.5,False
hk00553,1,2011-10-04,2011-10-04,3.72,False
hk00555,302,2005-01-03,2006-03-22,1.89,True
hk00557,55,2012-05-28,2013-04-05,4.36,False
hk00558,1295,2008-10-30,2020-12-31,2.12,False
hk00559,263,2008-10-23,2020-12-31,0.46,False
hk00561,21,2008-10-17,2010-08-09,1.68,
hk00563,443,2005-01-03,2007-03-15,2.59,True
hk00565,99,2011-11-08,2020-09-14,5.04,False
hk00566,979,2008-08-11,2013-09-04,1.13,False
hk00567,239,2005-01-03,2005-12-16,1.59,False
hk00568,699,2007-05-11,2020-12-31,2.69,False
hk00569,2,2008-10-15,2008-10-16,1.23,False
hk00570,219,2008-06-13,2009-05-11,5.02,False
hk00571,21,2008-10-23,2008-12-09,2.65,False
hk00572,940,2009-03-02,2020-12-31,2.66,False
hk00575,277,2005-11-14,2020-10-06,1.95,False
hk00577,1165,2008-08-28,2017-12-28,4.81,False
hk00582,1426,2012-05-09,2018-07-03,3.05,False
hk00585,1087,2005-01-10,2017-03-10,1.26,False
hk00590,798,2005-10-12,2009-10-29,5.02,True
hk00592,23,2020-03-13,2020-04-20,1.59,False
hk00595,54,2008-10-20,2009-03-18,2.0,False
hk00596,463,2011-08-05,2013-11-15,3.84,True
hk00601,2,2020-10-19,2020-10-20,1.76,False
hk00603,467,2005-01-03,2008-12-10,1.91,True
hk00605,309,2019-10-03,2020-12-31,4.91,
hk00607,259,2013-11-15,2014-12-02,1.61,True
hk00609,250,2008-03-19,2009-07-03,2.85,False
hk00611,854,2005-10-28,2009-07-24,4.34,False
hk00612,1405,2008-10-10,2017-09-12,2.7,False
hk00613,586,2015-07-03,2020-05-11,5.04,False
hk00616,1503,2005-01-03,2020-01-07,1.2,False
hk00617,719,2005-01-03,2008-10-22,4.93,True
hk00618,127,2008-09-18,2009-04-30,4.97,False
hk00619,644,2015-01-19,2018-11-07,4.14,False
hk00620,1436,2005-01-03,2013-10-16,2.29,False
hk00621,439,2005-01-03,2020-12-31,2.37,False
hk00622,253,2011-08-26,2012-10-18,3.86,False
hk00623,12,2008-09-18,2008-11-24,4.72,False
hk00627,1538,2008-08-25,2020-12-31,5.06,False
hk00628,913,2008-10-22,2013-08-30,4.98,True
hk00629,270,2005-01-03,2006-02-06,2.8,False
hk00630,670,2005-07-26,2015-04-02,4.45,False
hk00631,1,2006-01-03,2006-01-03,0.0,True
hk00632,626,2005-01-03,2019-07-09,1.39,False
hk00635,122,2008-01-21,2009-05-11,0.02,False
hk00639,279,2005-01-03,2007-01-23,2.55,True
hk00642,2,2010-08-23,2011-01-21,0.04,
hk00643,350,2010-06-23,2020-12-31,5.05,False
hk00644,59,2008-12-09,2009-04-06,0.48,
hk00645,24,2009-03-17,2009-05-18,1.81,False
hk00646,709,2005-02-03,2020-12-31,2.7,False
hk00648,1220,2009-08-18,2017-11-17,5.06,False
hk00650,777,2010-12-23,2015-03-18,4.51,False
hk00651,971,2005-01-03,2019-10-28,2.26,True
hk00653,509,2005-11-17,2008-03-27,4.48,False
hk00657,131,2005-01-03,2006-11-13,1.9,False
hk00660,570,2005-01-03,2020-11-26,2.14,False
hk00661,329,2005-08-08,2008-10-27,1.95,False
hk00663,873,2006-06-27,2011-06-24,5.07,False
hk00669,17,2008-10-27,2009-01-05,4.14,True
hk00673,814,2017-09-13,2020-12-31,5.05,False
hk00674,314,2008-09-17,2012-10-16,4.23,False
hk00680,513,2005-03-15,2013-08-27,2.23,False
hk00682,4,2020-06-15,2020-06-24,4.84,
hk00686,648,2005-01-03,2020-07-08,2.55,False
hk00688,154,2005-01-03,2005-09-13,2.86,False
hk00689,698,2005-01-03,2015-05-13,1.59,True
hk00690,415,2005-01-03,2009-08-28,2.59,False
hk00691,3,2008-10-27,2008-10-29,2.73,False
hk00692,686,2005-01-03,2011-08-30,2.6,False
hk00697,822,2015-12-14,2020-03-27,4.87,False
hk00698,358,2008-10-24,2020-12-15,4.39,True
hk00700,565,2005-01-03,2009-04-22,2.75,True
hk00702,412,2005-04-28,2018-08-08,2.15,False
hk00703,1264,2005-01-03,2012-03-07,2.5,False
hk00704,32,2016-01-18,2020-11-20,4.89,False
hk00706,85,2008-10-23,2009-04-27,1.38,False
hk00707,37,2020-10-20,2020-12-10,3.2,
hk00708,2025,2009-11-23,2020-06-12,5.05,False
hk00710,19,2018-11-09,2020-03-24,4.32,False
hk00712,264,2018-06-28,2020-09-23,2.61,False
hk00716,1,2009-03-12,2009-03-12,2.21,False
hk00717,12,2011-09-22,2011-10-11,3.62,False
hk00718,908,2005-01-03,2013-11-06,2.44,False
hk00720,363,2005-01-03,2014-07-04,1.46,False
hk00721,214,2008-10-27,2010-11-16,2.37,False
hk00723,821,2005-01-17,2020-12-31,5.04,False
hk00724,436,2008-09-29,2019-05-22,1.2,False
hk00726,778,2005-01-03,2020-05-29,2.72,False
hk00727,598,2011-08-09,2014-01-27,4.67,False
hk00729,1117,2005-04-25,2019-09-04,5.01,False
hk00733,4,2008-11-25,2008-11-28,2.17,False
hk00736,2208,2005-01-03,2020-01-07,0.44,True
hk00738,37,2008-10-22,2009-01-02,2.02,False
hk00741,23,2008-09-22,2009-07-22,0.98,
hk00743,7,2016-06-17,2016-06-28,3.09,False
hk00745,2358,2005-01-03,2020-10-22,2.47,False
hk00746,281,2006-04-21,2009-05-20,5.07,False
hk00750,18,2009-03-02,2009-03-26,4.07,False
hk00751,568,2006-05-24,2009-05-19,3.86,False
hk00754,14,2005-01-03,2008-10-29,2.56,False
hk00755,201,2020-03-11,2020-12-31,5.04,
hk00756,219,2019-08-28,2020-12-31,4.55,
hk00757,79,2020-03-10,2020-07-14,0.89,False
hk00758,390,2005-12-02,2009-03-23,5.06,False
hk00759,944,2008-11-06,2012-08-28,5.06,False
hk00760,374,2005-07-20,2020-12-31,1.91,False
hk00764,402,2006-12-14,2012-05-08,1.42,False
hk00766,146,2008-09-25,2012-02-23,3.47,False
hk00767,2145,2005-01-12,2020-09-11,2.4,False
hk00776,1292,2009-03-09,2020-08-11,5.07,False
hk00777,317,2008-10-21,2011-11-10,5.06,False
hk00784,50,2019-01-24,2019-05-28,0.78,False
hk00788,31,2020-10-29,2020-12-31,4.41,
hk00789,296,2019-07-08,2020-09-10,4.4,
hk00803,48,2018-11-28,2019-02-22,0.33,False
hk00804,93,2020-08-18,2020-12-31,5.05,
hk00809,11,2019-01-22,2019-02-08,1.84,False
hk00810,1572,2005-01-03,2020-12-31,2.14,False
hk00812,42,2008-12-12,2010-06-09,2.45,False
hk00818,196,2005-01-03,2009-04-07,2.86,False
hk00821,22,2008-10-27,2008-12-24,1.57,False
hk00822,212,2008-09-16,2009-07-31,4.76,False
hk00826,33,2016-05-18,2016-07-14,4.8,False
hk00827,1195,2009-10-14,2014-09-30,5.05,False
hk00833,149,2008-10-02,2009-05-12,2.36,False
hk00838,254,2008-09-17,2009-10-05,2.26,False
hk00847,36,2015-09-29,2016-01-28,1.07,
hk00848,6,2008-10-24,2008-10-31,2.08,False
hk00850,97,2005-07-12,2009-02-13,4.72,False
hk00851,549,2005-01-03,2020-12-31,1.13,False
hk00853,633,2015-07-06,2019-10-08,5.04,False
hk00854,15,2020-09-17,2020-10-15,4.05,
hk00855,264,2005-01-03,2006-01-25,2.33,False
hk00856,216,2005-01-03,2005-12-21,1.93,True
hk00858,545,2005-01-03,2007-03-16,2.45,False
hk00859,18,2005-01-03,2008-11-28,1.52,False
hk00860,338,2013-11-20,2016-02-24,4.19,False
hk00862,246,2005-05-24,2013-08-30,3.09,False
hk00863,206,2016-11-25,2017-11-09,4.59,False
hk00866,170,2020-04-17,2020-12-31,4.57,
hk00869,816,2008-08-04,2012-09-28,5.05,False
hk00874,195,2008-09-05,2009-10-29,4.74,False
hk00875,2536,2007-03-06,2020-12-31,5.05,False
hk00878,135,2008-10-16,2009-05-05,4.3,False
hk00880,175,2008-09-05,2009-05-26,4.44,False
hk00881,350,2015-07-07,2017-01-12,5.03,False
hk00885,1048,2007-05-14,2014-01-09,0.2,False
hk00887,62,2008-10-08,2009-04-01,2.84,False
hk00895,94,2009-04-06,2011-01-19,0.39,True
hk00897,560,2005-03-15,2016-03-15,2.27,False
hk00899,770,2011-01-17,2020-12-31,2.44,False
hk00904,343,2017-06-29,2018-11-29,3.72,
hk00905,864,2005-01-03,2020-12-31,2.16,False
hk00907,147,2019-12-31,2020-08-21,1.16,False
hk00910,384,2005-01-03,2011-11-30,2.58,False
hk00911,75,2016-01-28,2018-09-11,2.64,False
hk00913,2109,2005-01-03,2020-10-08,2.23,False
hk00914,227,2005-01-03,2005-12-08,2.81,False
hk00915,1351,2010-05-31,2016-09-26,5.05,False
hk00916,1,2006-01-03,2006-01-03,0.0,True
hk00918,427,2005-06-30,2012-10-29,2.07,False
hk00921,247,2008-11-17,2012-10-03,5.06,False
hk00922,787,2005-01-03,2018-08-28,4.43,False
hk00925,286,2005-09-06,2008-12-24,1.92,False
hk00926,649,2018-03-15,2020-12-31,4.13,False
hk00928,1155,2008-07-28,2013-10-24,2.44,True
hk00931,1114,2006-06-08,2017-08-10,3.06,False
hk00934,36,2008-10-17,2009-02-09,4.65,False
hk00938,1,2020-02-20,2020-02-20,1.08,False
hk00943,971,2005-01-03,2014-07-28,2.91,False
hk00948,866,2014-04-09,2017-10-16,3.55,False
hk00950,1,2009-04-06,2009-04-06,2.28,True
hk00952,401,2011-09-08,2013-10-29,3.79,False
hk00959,1241,2006-09-21,2020-12-31,1.64,False
hk00963,456,2008-10-03,2012-09-18,2.73,True
hk00966,168,2005-03-29,2006-03-09,4.73,False
hk00968,25,2016-02-29,2018-09-12,4.91,False
hk00969,4,2006-12-13,2006-12-19,1.2,False
hk00970,398,2019-04-25,2020-12-31,4.74,
hk00975,1221,2016-01-14,2020-12-31,4.98,True
hk00978,701,2006-03-13,2010-12-03,4.8,True
hk00979,349,2005-01-03,2006-06-05,1.77,False
hk00981,1229,2011-12-08,2016-12-06,5.04,True
hk00982,708,2008-10-03,2014-03-06,1.29,False
hk00985,1371,2005-01-03,2020-12-31,0.28,False
hk00986,1219,2008-03-06,2016-10-20,5.06,False
hk00988,600,2005-01-03,2020-09-02,1.83,True
hk00989,727,2011-04-19,2020-08-04,4.12,True
hk00990,1729,2005-01-03,2020-12-31,3.16,True
hk00993,1254,2005-01-20,2013-10-17,2.4,False
hk00996,764,2005-01-03,2020-11-02,4.65,False
hk00997,175,2005-05-11,2020-12-31,2.21,False
hk01002,60,2011-08-08,2011-12-16,3.61,False
hk01003,1821,2005-01-03,2013-10-17,4.32,False
hk01004,841,2006-02-27,2013-12-27,3.56,False
hk01007,522,2018-11-19,2020-12-31,3.75,
hk01009,21,2012-07-05,2012-08-06,1.51,False
hk01010,296,2008-09-30,2020-12-15,2.12,False
hk01011,79,2020-09-07,2020-12-31,5.03,
hk01013,157,2020-04-08,2020-11-26,4.45,
hk01027,816,2015-02-13,2020-12-31,0.19,False
hk01029,6,2018-12-21,2019-01-02,2.39,False
hk01030,384,2014-02-14,2016-07-04,4.0,False
hk01031,883,2005-01-26,2015-04-08,2.23,False
hk01033,7,2008-10-22,2008-10-30,2.33,False
hk01034,279,2019-05-23,2020-12-02,2.74,
hk01037,533,2010-07-29,2014-05-13,4.8,False
hk01041,1096,2005-01-11,2016-07-29,2.4,False
hk01043,209,2005-05-06,2006-03-08,4.52,False
hk01044,213,2005-01-03,2005-11-15,4.83,True
hk01045,290,2008-09-25,2012-02-09,5.06,False
hk01046,734,2008-10-20,2016-03-17,5.03,True
hk01049,1281,2005-07-29,2020-09-04,5.03,False
hk01051,1878,2005-01-03,2020-12-31,2.51,False
hk01059,866,2010-07-05,2014-12-15,4.96,False
hk01060,1093,2005-01-03,2014-02-19,2.58,False
hk01061,1,2009-04-06,2009-04-06,2.31,True
hk01062,492,2005-10-14,2009-10-29,5.06,False
hk01063,1955,2008-10-10,2020-03-25,5.06,False
hk01064,819,2005-01-04,2013-10-18,4.02,False
hk01069,600,2018-07-30,2020-12-31,4.48,
hk01070,656,2006-06-05,2009-03-03,3.64,False
hk01072,145,2005-01-03,2005-12-23,2.53,False
hk01073,22,2019-06-24,2019-07-24,0.09,False
hk01076,1550,2007-08-08,2020-12-31,5.06,False
hk01079,244,2012-06-07,2015-03-27,4.66,False
hk01082,291,2014-05-05,2016-03-10,3.1,False
hk01087,473,2018-09-17,2020-12-31,3.07,False
hk01089,93,2013-06-06,2014-05-15,4.53,
hk01094,1291,2005-01-03,2020-12-31,3.38,False
hk01102,139,2018-10-11,2019-06-28,1.13,False
hk01104,896,2006-06-14,2017-06-01,1.0,False
hk01105,10,2008-11-20,2009-04-01,2.09,False
hk01106,450,2011-08-05,2014-05-19,3.23,False
hk01108,92,2019-06-06,2019-10-17,2.61,False
hk01109,186,2005-01-03,2005-11-07,2.54,True
hk01114,333,2008-06-24,2009-10-30,3.14,True
hk01121,1091,2016-06-21,2020-12-31,4.91,False
hk01124,133,2005-01-03,2020-12-31,2.5,False
hk01125,1229,2012-08-15,2017-08-14,5.04,True
hk01126,235,2008-03-18,2009-08-12,2.68,False
hk01129,909,2005-01-03,2011-09-26,2.16,False
hk01130,762,2008-09-18,2020-12-31,4.9,False
hk01131,92,2013-03-11,2013-10-04,4.7,False
hk01132,580,2005-01-03,2007-05-09,2.38,False
hk01133,110,2005-01-03,2005-07-08,2.74,False
hk01136,253,2005-08-25,2006-11-23,2.13,False
hk01137,407,2005-11-24,2017-04-21,4.4,False
hk01140,65,2006-01-13,2006-11-06,1.77,False
hk01141,1116,2005-01-03,2020-12-31,2.53,False
hk01142,1389,2005-07-27,2020-12-31,4.76,False
hk01143,1823,2011-02-10,2020-07-10,4.93,False
hk01145,894,2011-08-11,2015-05-06,4.37,False
hk01150,1,2020-03-23,2020-03-23,1.32,False
hk01152,56,2020-08-24,2020-12-08,3.96,
hk01159,1239,2009-07-07,2014-07-25,5.06,True
hk01161,310,2005-01-07,2006-07-21,3.48,False
hk01164,502,2006-05-16,2020-12-31,5.06,False
hk01165,474,2011-07-13,2013-06-28,2.81,False
hk01166,809,2008-10-27,2020-12-31,2.64,False
hk01168,150,2020-05-27,2020-12-31,5.04,
hk01169,930,2005-01-03,2009-10-23,4.85,True
hk01171,1,2008-10-27,2008-10-27,2.5,False
hk01175,1132,2008-09-16,2013-05-06,4.7,False
hk01176,921,2005-01-03,2009-05-12,4.58,False
hk01178,304,2018-01-25,2019-04-26,1.34,False
hk01180,1234,2008-06-19,2013-06-18,5.06,True
hk01182,1055,2005-01-03,2020-12-31,2.02,False
hk01184,105,2008-11-17,2009-07-17,4.98,False
hk01188,21,2011-09-30,2013-08-08,3.7,False
hk01189,423,2005-01-03,2010-02-01,0.2,False
hk01192,49,2019-05-07,2020-06-29,1.93,
hk01193,829,2005-01-03,2009-02-06,3.22,True
hk01194,883,2005-12-02,2020-08-07,4.16,False
hk01196,684,2010-03-19,2014-01-15,5.05,True
hk01198,155,2008-10-09,2009-07-03,2.32,False
hk01203,239,2005-01-03,2005-12-16,1.06,False
hk01208,4,2008-10-27,2008-11-06,1.98,False
hk01211,56,2008-07-14,2020-06-01,1.3,False
hk01215,405,2005-03-30,2007-01-04,4.43,False
hk01217,582,2005-01-03,2012-11-05,2.68,False
hk01218,1218,2005-02-18,2010-02-17,5.0,True
hk01220,485,2012-03-23,2014-05-14,3.02,False
hk01222,139,2008-09-16,2011-01-27,0.54,False
hk01224,501,2005-01-03,2007-01-10,2.05,True
hk01226,1234,2005-01-03,2020-12-22,0.73,False
hk01227,1370,2005-01-03,2019-03-05,2.55,False
hk01229,214,2005-05-04,2020-12-15,4.99,False
hk01239,1406,2011-11-18,2020-07-28,3.48,False
hk01243,1,2016-04-12,2016-04-12,0.34,False
hk01246,351,2014-10-30,2020-09-15,0.58,False
hk01247,548,2018-10-11,2020-12-31,4.73,True
hk01250,623,2018-06-26,2020-12-31,4.97,False
hk01255,5,2014-04-28,2015-07-08,5.02,False
hk01258,15,2020-10-09,2020-11-04,5.05,
hk01262,29,2020-09-09,2020-12-31,4.8,
hk01263,408,2015-07-08,2020-11-11,2.59,False
hk01268,964,2015-06-24,2019-06-03,5.05,False
hk01269,216,2012-11-30,2014-12-10,4.25,False
hk01280,183,2013-04-09,2020-01-06,2.16,False
hk01282,136,2012-05-18,2013-01-02,3.08,False
hk01294,3,2008-04-23,2008-04-28,0.01,
hk01323,113,2011-08-11,2012-02-28,3.83,False
hk01327,337,2017-06-28,2020-03-30,4.49,False
hk01328,170,2020-04-27,2020-12-31,5.04,
hk01332,460,2012-08-06,2019-08-09,2.06,False
hk01341,16,2020-06-22,2020-07-15,3.44,
hk01348,45,2013-05-31,2013-08-23,1.56,False
hk01352,68,2014-02-20,2014-08-12,0.93,
hk01367,431,2014-07-11,2016-08-18,3.34,False
hk01371,162,2018-10-10,2019-06-13,4.33,False
hk01372,1,2014-03-28,2014-03-28,2.78,False
hk01380,759,2016-01-15,2020-12-31,0.65,False
hk01382,160,2008-09-11,2009-05-08,4.73,False
hk01383,230,2011-12-13,2017-02-01,0.77,False
hk01387,726,2016-04-21,2019-05-24,4.87,
hk01389,175,2020-03-23,2020-12-31,4.89,
hk01393,3,2008-10-27,2008-10-29,0.75,False
hk01396,106,2020-07-30,2020-12-31,4.93,
hk01400,511,2018-03-12,2020-12-31,4.7,False
hk01401,281,2019-11-13,2020-12-31,4.98,
hk01415,608,2018-04-06,2020-11-12,5.02,True
hk01428,14,2012-08-27,2020-09-30,2.68,False
hk01436,2,2015-04-10,2015-04-13,0.11,
hk01450,788,2017-06-29,2020-12-31,5.05,False
hk01460,540,2018-09-13,2020-12-07,2.89,False
hk01462,239,2014-10-16,2015-11-20,1.69,False
hk01466,190,2019-11-18,2020-09-04,3.18,False
hk01468,2,2019-08-15,2019-08-26,4.03,
hk01478,342,2014-12-15,2016-08-17,2.72,False
hk01480,51,2014-12-08,2015-02-23,0.4,False
hk01493,30,2015-02-25,2015-04-10,0.27,
hk01520,183,2019-11-21,2020-12-31,5.05,
hk01548,348,2015-12-30,2017-08-15,1.98,False
hk01562,12,2016-05-18,2016-09-15,0.58,
hk01563,445,2019-03-15,2020-12-31,3.84,False
hk01579,463,2016-07-13,2018-07-06,2.74,False
hk01585,499,2016-05-19,2020-04-15,4.45,True
hk01591,160,2020-03-18,2020-12-30,4.6,
hk01592,367,2018-07-04,2020-12-31,3.02,False
hk01611,412,2016-11-21,2018-07-25,4.27,False
hk01613,384,2012-04-18,2019-12-31,1.81,False
hk01629,3,2016-11-29,2016-12-05,2.38,False
hk01630,61,2017-06-16,2017-09-12,0.95,False
hk01636,23,2020-11-24,2020-12-24,3.1,
hk01640,198,2020-03-16,2020-12-31,4.86,
hk01647,71,2017-06-28,2017-10-17,0.88,False
hk01653,415,2018-12-27,2020-12-08,1.9,False
hk01660,268,2017-02-10,2018-03-12,1.13,False
hk01661,111,2020-03-13,2020-11-09,4.92,
hk01676,377,2018-10-11,2020-05-26,2.47,False
hk01685,4,2011-09-26,2011-10-06,3.71,False
hk01693,344,2019-08-14,2020-12-31,5.06,
hk01696,189,2020-03-12,2020-12-22,1.37,False
hk01701,58,2019-07-02,2019-09-19,0.87,False
hk01709,277,2017-11-28,2020-05-13,3.5,True
hk01715,3,2020-10-20,2020-10-22,3.92,
hk01717,58,2014-05-12,2014-08-01,5.04,False
hk01718,49,2020-10-22,2020-12-31,3.51,
hk01725,587,2018-08-16,2020-12-31,2.7,False
hk01726,191,2020-03-16,2020-12-31,3.45,
hk01729,307,2019-10-08,2020-12-31,5.04,
hk01730,2,2020-09-24,2020-09-29,5.01,
hk01733,351,2015-08-21,2020-11-30,1.51,False
hk01735,182,2018-03-29,2019-05-10,2.09,True
hk01748,330,2019-09-03,2020-12-31,5.04,
hk01751,19,2020-03-19,2020-12-31,3.28,True
hk01757,11,2020-12-16,2020-12-31,5.02,
hk01772,284,2018-10-11,2019-12-16,2.3,False
hk01782,515,2018-11-29,2020-12-31,4.7,
hk01783,464,2019-01-29,2020-12-31,4.98,
hk01788,5,2011-10-03,2011-10-20,3.66,False
hk01789,2,2017-12-20,2017-12-21,2.55,False
hk01792,13,2020-12-14,2020-12-31,4.97,
hk01796,202,2020-02-24,2020-12-31,4.13,
hk01808,735,2013-03-15,2020-12-31,4.93,False
hk01811,7,2019-08-26,2019-10-08,2.14,False
hk01818,44,2008-09-10,2008-12-05,2.53,False
hk01822,254,2019-06-19,2020-06-24,4.69,
hk01823,473,2016-09-20,2020-12-31,5.0,False
hk01825,514,2018-10-22,2020-12-31,2.77,False
hk01830,365,2016-05-26,2018-04-25,5.05,False
hk01831,99,2012-07-24,2019-02-18,3.62,False
hk01842,11,2020-09-28,2020-10-20,1.57,False
hk01850,465,2019-02-15,2020-12-31,4.69,
hk01854,227,2020-02-04,2020-12-31,4.02,
hk01858,9,2015-07-07,2015-09-04,4.8,False
hk01870,18,2020-10-08,2020-12-29,3.93,
hk01872,202,2020-03-09,2020-12-31,4.66,
hk01878,189,2020-03-11,2020-12-31,4.17,
hk01882,184,2008-10-02,2009-07-15,5.06,False
hk01889,307,2019-10-08,2020-12-31,5.05,
hk01899,111,2008-10-10,2009-03-27,2.58,False
hk01908,109,2014-05-26,2014-10-30,1.03,False
hk01918,197,2012-09-19,2016-08-03,5.03,False
hk01919,313,2005-06-30,2020-05-29,2.32,False
hk01920,27,2020-05-22,2020-07-06,4.37,
hk01937,201,2020-03-09,2020-12-31,1.45,False
hk01939,120,2020-06-30,2020-12-31,5.02,
hk01942,178,2020-04-15,2020-12-31,2.74,False
hk01967,55,2019-10-18,2020-02-07,1.95,False
hk01987,6,2019-11-11,2020-03-18,1.44,False
hk01991,20,2020-09-14,2020-10-14,4.47,
hk01995,37,2018-12-17,2019-02-13,2.07,False
hk02012,932,2016-03-29,2020-04-01,4.14,False
hk02013,43,2019-01-15,2019-12-24,2.1,False
hk02018,134,2008-10-13,2009-05-06,4.7,True
hk02020,46,2016-06-02,2016-08-10,5.04,False
hk02025,5,2020-10-22,2020-12-31,5.02,
hk02038,152,2020-05-25,2020-12-31,5.04,
hk02099,188,2019-11-13,2020-12-31,4.56,
hk02112,234,2020-01-21,2020-12-31,2.44,False
hk02118,1,2006-01-03,2006-01-03,0.39,True
hk02128,1,2006-01-03,2006-01-03,0.48,False
hk02133,36,2020-03-13,2020-05-11,0.95,
hk02169,1,2020-10-23,2020-10-23,2.89,
hk02183,272,2014-01-09,2016-02-26,4.43,False
hk02198,1,2006-01-03,2006-01-03,0.0,True
hk02211,164,2019-12-23,2020-12-11,0.99,False
hk02212,146,2020-03-30,2020-12-31,2.49,False
hk02218,410,2009-04-06,2013-01-25,2.03,True
hk02222,1,2006-01-03,2006-01-03,0.04,True
hk02223,81,2014-01-23,2014-08-29,1.32,False
hk02255,235,2019-10-23,2020-12-31,2.77,False
hk02296,10,2020-03-17,2020-03-30,1.1,
hk02302,782,2005-01-03,2008-04-09,4.52,False
hk02307,96,2008-10-27,2009-05-05,0.9,False
hk02308,411,2017-08-24,2020-06-22,3.23,
hk02309,1607,2005-12-14,2020-12-31,1.54,False
hk02310,8,2011-10-03,2011-10-14,2.54,False
hk02312,1327,2007-10-18,2020-12-31,4.06,True
hk02313,264,2008-03-17,2009-05-06,5.02,True
hk02314,6,2008-10-22,2008-10-29,1.08,False
hk02322,1708,2005-01-03,2015-04-09,2.46,False
hk02323,1030,2011-03-24,2015-09-15,5.03,False
hk02324,907,2008-06-10,2020-07-13,2.33,True
hk02326,1836,2005-01-03,2015-04-24,2.46,False
hk02330,153,2020-01-30,2020-10-19,0.8,False
hk02331,841,2015-07-08,2019-02-26,4.95,True
hk02333,230,2005-11-07,2009-05-18,5.06,True
hk02336,1231,2005-01-03,2012-01-20,2.33,False
hk02339,159,2016-01-15,2016-11-16,1.17,False
hk02342,45,2008-10-08,2008-12-09,1.56,False
hk02346,167,2020-05-04,2020-12-31,1.38,
hk02349,309,2006-01-06,2011-09-16,1.56,False
hk02357,59,2005-09-21,2008-10-31,4.52,False
hk02362,1136,2005-01-03,2010-07-16,2.82,True
hk02366,304,2012-01-10,2013-07-09,1.47,False
hk02369,291,2008-06-24,2020-09-11,2.49,False
hk02371,14,2008-10-23,2008-12-02,1.11,False
hk02379,356,2007-01-05,2013-09-03,4.04,False
hk02382,1648,2008-07-08,2016-05-09,4.91,True
hk02389,312,2011-09-08,2012-12-21,3.73,False
hk02398,135,2006-05-26,2009-05-05,4.97,False
hk02488,1,2009-04-06,2009-04-06,0.0,True
hk02623,644,2018-05-10,2020-12-31,5.04,True
hk02628,66,2005-01-05,2005-07-11,2.82,False
hk02662,611,2012-01-31,2015-10-15,4.16,False
hk02668,556,2008-10-21,2019-10-24,4.96,False
hk02669,22,2016-01-26,2016-03-11,4.31,False
hk02678,431,2008-05-28,2010-02-23,5.06,False
hk02680,129,2018-10-15,2020-12-31,1.24,False
hk02689,19,2008-10-15,2008-11-27,1.05,False
hk02699,40,2020-11-05,2020-12-31,3.0,
hk02700,675,2009-03-27,2019-02-01,5.07,False
hk02722,4,2008-10-24,2008-10-29,2.08,False
hk02728,583,2011-02-28,2014-06-30,4.35,False
hk02798,175,2018-12-12,2020-04-16,1.81,False
hk02808,96,2014-03-14,2014-10-21,0.39,True
hk02834,630,2016-06-29,2019-01-17,2.58,True
hk02847,284,2016-06-29,2019-01-17,1.37,
hk02877,15,2005-07-29,2008-10-31,4.76,False
hk02878,37,2020-03-12,2020-05-07,1.3,False
hk02882,261,2019-05-17,2020-12-31,4.27,
hk02886,281,2014-03-20,2015-05-13,1.2,False
hk03074,630,2016-06-29,2019-01-17,2.58,True
hk03300,396,2008-10-15,2020-11-03,2.55,False
hk03311,223,2005-07-08,2009-04-02,1.97,False
hk03313,965,2015-02-04,2019-06-19,4.83,False
hk03323,115,2006-03-23,2008-10-29,1.62,False
hk03330,138,2020-04-22,2020-12-31,5.03,
hk03333,176,2012-09-26,2014-12-31,5.02,False
hk03335,103,2008-10-28,2009-04-30,3.56,False
hk03337,128,2008-09-16,2010-05-25,4.7,False
hk03339,40,2005-11-17,2006-01-16,1.38,False
hk03366,12,2008-11-11,2008-11-26,1.39,False
hk03393,1,2008-10-28,2008-10-28,1.12,False
hk03399,5,2011-10-04,2012-08-24,3.65,False
hk03487,5,2009-03-09,2009-03-23,0.43,
hk03600,1,2019-08-26,2019-08-26,2.01,False
hk03626,179,2020-04-09,2020-12-31,5.03,
hk03638,309,2019-10-03,2020-12-31,5.05,
hk03682,10,2008-10-08,2008-10-21,0.39,
hk03690,16,2018-12-20,2019-01-24,2.17,False
hk03708,3,2015-01-16,2016-09-12,2.16,False
hk03738,649,2018-01-04,2020-09-11,3.08,False
hk03773,92,2020-03-19,2020-12-09,4.49,
hk03778,15,2020-11-13,2020-12-31,5.04,
hk03800,342,2008-10-23,2020-11-06,2.56,False
hk03808,7,2016-01-21,2016-02-17,4.52,False
hk03818,1,2006-01-03,2006-01-03,0.0,True
hk03822,66,2020-03-19,2020-12-31,4.95,
hk03823,369,2008-07-29,2010-09-16,5.03,False
hk03833,22,2020-10-08,2020-11-20,5.05,
hk03883,51,2014-07-02,2015-03-13,5.04,False
hk03886,284,2012-06-04,2013-08-08,1.97,False
hk03888,170,2008-10-08,2012-08-03,4.99,False
hk03893,985,2016-12-16,2020-12-31,5.05,False
hk03898,3,2008-10-27,2008-10-29,2.16,False
hk03899,11,2009-01-16,2009-03-09,5.06,False
hk03918,90,2009-02-03,2010-07-20,4.95,False
hk03928,38,2020-11-09,2020-12-31,4.96,
hk03933,4,2008-11-12,2008-11-26,1.86,False
hk03939,208,2020-02-11,2020-12-31,5.05,
hk03989,21,2008-12-04,2009-03-23,0.99,False
hk03997,3,2020-11-16,2020-11-18,1.85,False
hk03998,201,2006-01-03,2018-03-08,0.0,True
